Amir Abushareb <yields@icloud.com>
Amir Abu Shareb <yields@icloud.com>
Bill Wang <bill.wang@myob.com>
Bill Wang <ozbillwang@gmail.com>
chenrui <rui@meetup.com>
Chris Faulkner <thefaulkner@gmail.com>
Chris Marchesi <cmarchesi@paybyphone.com>
Daniel Ciaglia <daniel.ciaglia@kreuzwerker.de>
Daniel Fagnan <dnfagnan@gmail.com>
David Lewis <davlewis@starbucks.com>
David Lewis <highwayoflife@gmail.com>
Franklin Hu <franklin@stripe.com>
Gavin Williams <fatmcgav@gmail.com>
Gretchen Shelby-Dormer <gshelby@coveo.com>
hmalphettes <hmalphettes@gmail.com>
Hugues Malphettes <hmalphettes@gmail.com>
Igor Souza <igordcsouza@me.com>
Ilia Lazebnik <Ilia.lazebnik@gmail.com>
Jacob Gillespie <jacobwgillespie@gmail.com>
James S Perrin <james.s.perrin@manchester.ac.uk>
JamesUoM <james.perrin@manchester.ac.uk>
Jocelyn Giroux <jgiroux@coveo.com>
John Boggs <john.boggs@segment.com>
Joseph Herlant <aerostitch@debian.org>
Josh Mahowald <josh.mahowald@code42.com>
Joshua Bussdieker <joshua.bussdieker@mulesoft.com>
Julien Duchesne <jduchesne@coveo.com>
Julien Duchesne <julienduchesne@live.com>
Khosrow Moossavi <khos2ow@gmail.com>
Louis-Philippe Bedard <lpbedard@coveo.com>
Martin Etmajer <martin@etmajer.com>
Martin Etmajer <metmajer@getcloudnative.io>
Martin Řezník <marez@microsoft.com>
Martin Řezník <martin@yosarin.net>
Martyn Ranyard <m@rtyn.berlin>
Matthew Baker <mbaker@cozero.com.au>
Matthew <mu.beta.06@gmail.com>
Maxime VISONNEAU <maxime.visonneau@gmail.com>
Nick Walke <nwalke@smg.com>
Robert James Hernandez <rob@sarcasticadmin.com>
Rui Chen <chenrui333@gmail.com>
Sergiusz Urbaniak <sergiusz.urbaniak@gmail.com>
sheather <admcSHx@investec.co.uk>
Stuart Auld <sauld@cozero.com.au>
Stuart Auld <sja@marsupialmusic.net>
Thomas Alton <thomas.alton@gmail.com>
Unknown <jgiroux@coveo.com>
Vlad Ionescu <vionescu@fb.com>
yutachaos <y_kimura@r.recruit.co.jp>
yutaChaos <y_kimura@r.recruit.co.jp>
